10.09 21:50:00,694.63
10.09 22:00:00,694.63
10.09 22:10:00,694.72
10.09 22:20:01,694.78
10.09 22:30:00,694.86
10.09 22:40:00,694.98
10.09 22:50:01,695.44
10.09 23:00:00,695.41
10.09 23:10:00,695.41
10.09 23:20:00,695.38
10.09 23:30:00,695.38
10.09 23:40:00,695.38
10.09 23:50:01,695.37
11.09 00:00:00,695.37
11.09 00:10:00,695.54
11.09 00:20:00,695.54
11.09 00:30:00,695.53
11.09 00:40:00,695.53
11.09 00:50:00,696
11.09 01:00:00,696.68
11.09 01:10:00,697.07
11.09 01:20:00,697.69
11.09 01:30:00,698.03
11.09 01:40:00,698.17
11.09 01:50:00,698.42
11.09 02:00:00,698.42
11.09 02:10:00,698.42
11.09 02:20:00,698.51
11.09 02:30:00,698.61
11.09 02:40:00,698.61
11.09 02:50:01,698.59
11.09 03:00:00,698.59
11.09 03:10:00,698.76
11.09 03:20:00,698.75
11.09 03:30:00,698.82
11.09 03:40:00,698.81
11.09 03:50:00,698.8
11.09 04:00:00,698.8
11.09 04:10:00,698.89
11.09 04:20:01,699
11.09 04:30:01,698.99
11.09 04:40:00,698.99
11.09 04:50:01,699.05
11.09 05:00:01,699.03
11.09 05:10:01,699
11.09 05:20:00,699
11.09 05:30:00,698.99
11.09 05:40:01,698.98
11.09 05:50:00,698.98
11.09 06:00:00,698.98
11.09 06:10:00,698.98
11.09 06:20:00,698.98
11.09 06:30:00,698.98
11.09 06:40:01,698.98
11.09 06:50:00,698.98
11.09 07:00:00,698.98
11.09 07:10:00,698.98
11.09 07:20:00,698.98
11.09 07:30:00,698.98
11.09 07:40:00,698.98
11.09 07:50:00,698.98
11.09 08:00:00,698.98
11.09 08:10:01,698.98
11.09 08:20:00,698.98
11.09 08:30:00,698.98
11.09 08:40:00,698.98
11.09 08:50:01,698.98
11.09 09:00:00,698.96
11.09 09:10:00,698.96
11.09 09:20:00,698.96
11.09 09:30:00,698.96
11.09 09:40:00,698.92
11.09 09:50:00,699.18
11.09 10:00:00,699.25
11.09 10:10:00,699.24
11.09 10:20:00,699.34
11.09 10:30:00,699.37
11.09 10:40:00,699.36
11.09 10:50:00,699.36
11.09 11:00:00,699.36
11.09 11:10:00,699.3
11.09 11:20:00,699.3
11.09 11:30:01,699.3
11.09 11:40:02,699.3
11.09 11:50:00,699.56
11.09 12:00:00,699.56
11.09 12:10:00,699.56
11.09 12:20:00,699.56
11.09 12:30:00,699.55
11.09 12:40:00,699.55
11.09 12:50:00,699.55
11.09 13:00:00,699.55
11.09 13:10:00,699.55
11.09 13:20:00,699.55
11.09 13:30:03,699.55
11.09 13:40:00,699.55
11.09 13:50:00,699.55
11.09 14:00:00,699.55
11.09 14:10:01,699.55
11.09 14:20:00,699.55
11.09 14:30:02,699.62
11.09 14:40:00,699.62
11.09 14:50:00,699.62
11.09 15:00:00,699.62
11.09 15:10:00,699.62
11.09 15:20:00,699.6
11.09 15:30:00,699.6
11.09 15:40:00,699.86
11.09 15:50:00,699.94
11.09 16:00:00,699.94
11.09 16:10:00,699.93
11.09 16:20:00,699.92
11.09 16:30:01,699.92
11.09 16:40:00,699.92
11.09 16:50:00,699.92
11.09 17:00:00,699.92
11.09 17:10:01,699.92
11.09 17:20:00,699.92
11.09 17:30:00,699.92
11.09 17:40:00,699.92
11.09 17:50:00,699.92
11.09 18:00:00,699.91
11.09 18:10:00,699.91
11.09 18:20:00,699.91
11.09 18:30:00,699.91
11.09 18:40:00,700.21
11.09 18:50:00,700.21
11.09 19:00:01,700.21
11.09 19:10:00,700.23
11.09 19:20:00,700.23
11.09 19:30:00,700.23
11.09 19:40:00,700.23
11.09 19:50:00,700.3
11.09 20:00:00,700.95
11.09 20:10:00,700.95
11.09 20:20:00,700.94
11.09 20:30:00,700.94
11.09 20:40:01,700.94
11.09 20:50:00,700.94
11.09 21:00:00,700.92
11.09 21:10:00,700.92
11.09 21:20:00,700.92
11.09 21:30:00,700.92
11.09 21:40:00,700.92
11.09 21:50:00,700.92
11.09 22:00:00,700.91
11.09 22:10:00,700.91
11.09 22:20:00,700.91
11.09 22:30:00,700.91
11.09 22:40:00,700.91
11.09 22:50:00,700.91
11.09 23:00:00,700.91
11.09 23:10:00,700.91
11.09 23:20:00,700.9
11.09 23:30:00,700.9
11.09 23:40:00,700.86
11.09 23:50:00,700.86
12.09 00:00:00,700.86
12.09 00:10:00,700.86
12.09 00:20:00,700.86
12.09 00:30:00,700.86
12.09 00:40:00,700.86
12.09 00:50:01,700.86
12.09 01:00:00,700.85
12.09 01:10:00,700.85
12.09 01:20:00,700.85
12.09 01:30:00,700.85
12.09 01:40:00,701.1
12.09 01:50:00,701.1
12.09 02:00:00,701.1
12.09 02:10:00,701.09
12.09 02:20:00,701.09
12.09 02:30:00,701.09
12.09 02:40:00,701.17
12.09 02:50:00,701.2
12.09 03:00:01,701.2
12.09 03:10:00,701.15
12.09 03:20:00,701.15
12.09 03:30:00,701.15
12.09 03:40:01,701.15
12.09 03:50:00,701.15
12.09 04:00:00,701.14
12.09 04:10:01,701.14
12.09 04:20:00,701.14
12.09 04:30:00,701.36
12.09 04:40:01,701.36
12.09 04:50:03,701.82
12.09 05:00:00,702.52
12.09 05:10:01,702.51
12.09 05:20:00,702.47
12.09 05:30:00,702.45
12.09 05:40:00,702.44
12.09 05:50:00,702.44
12.09 06:00:00,702.44
12.09 06:10:00,702.44
12.09 06:20:00,702.44
12.09 06:30:00,702.44
12.09 06:40:00,702.42
12.09 06:50:00,702.42
12.09 07:00:01,702.42
12.09 07:10:00,702.42
12.09 07:20:00,702.42
12.09 07:30:00,702.42
12.09 07:40:00,702.42
12.09 07:50:00,702.42
12.09 08:00:00,702.42
12.09 08:10:00,702.42
12.09 08:20:00,702.42
12.09 08:30:00,702.42
12.09 08:40:00,702.42
12.09 08:50:00,702.42
12.09 09:00:00,702.42
12.09 09:10:01,702.42
12.09 09:20:00,702.42
12.09 09:30:00,702.42
12.09 09:40:00,702.46
12.09 09:50:00,702.46
12.09 10:00:00,702.46
12.09 10:10:00,702.46
12.09 10:20:00,702.46
12.09 10:30:00,702.72
12.09 10:40:00,702.72
12.09 10:50:00,702.74
12.09 11:00:00,702.77
12.09 11:10:00,702.73
12.09 11:20:00,702.79
12.09 11:30:00,703.08
12.09 11:40:00,703.86
12.09 11:50:00,703.86
12.09 12:00:00,703.96
12.09 12:10:00,704.19
12.09 12:20:00,704.18
12.09 12:30:00,704.17
12.09 12:40:00,704.16
12.09 12:50:00,704.38
12.09 13:00:00,704.59
12.09 13:10:00,704.54
12.09 13:20:00,704.53
12.09 13:30:00,704.68
12.09 13:40:00,705.14
12.09 13:50:00,705.2
12.09 14:00:00,705.2
12.09 14:10:00,705.88
12.09 14:20:00,705.86
12.09 14:30:00,706.05
12.09 14:40:01,706.16
12.09 14:50:00,706.25
12.09 15:00:00,706.3
12.09 15:10:00,706.37
12.09 15:20:00,706.43
12.09 15:30:00,706.64
12.09 15:40:00,706.79
12.09 15:50:00,706.83
12.09 16:00:00,706.83
12.09 16:10:00,707.63
12.09 16:20:00,707.98
12.09 16:30:00,708.12
12.09 16:40:01,708.24
12.09 16:50:00,708.87
12.09 17:00:01,709.68
12.09 17:10:00,710.34
12.09 17:20:00,710.58
12.09 17:30:00,711.22
12.09 17:40:00,711.78
12.09 17:50:00,712.05
12.09 18:00:00,712.27
12.09 18:10:00,712.8
12.09 18:20:01,712.77
12.09 18:30:01,712.77
12.09 18:40:00,713.05
12.09 18:50:00,713.22
12.09 19:00:00,713.53
12.09 19:10:00,713.7
12.09 19:20:00,713.7
12.09 19:30:00,713.98
12.09 19:40:00,714.2
12.09 19:50:00,714.32
12.09 20:00:00,714.39
12.09 20:10:00,714.44
12.09 20:20:00,714.71
12.09 20:30:00,714.77
12.09 20:40:00,715
12.09 20:50:00,714.98
12.09 21:00:00,715.55
12.09 21:10:00,715.77
12.09 21:20:00,715.89
12.09 21:30:00,716
12.09 21:40:00,716.27
12.09 21:50:00,787.2
12.09 22:00:00,787.53
12.09 22:10:00,787.68
12.09 22:20:00,787.99
12.09 22:30:00,787.97
12.09 22:40:00,788.25
12.09 22:50:01,788.41
12.09 23:00:00,788.39
12.09 23:10:00,789.08
12.09 23:20:00,789.13
12.09 23:30:00,789.29
12.09 23:40:00,789.53
12.09 23:50:00,790.45
13.09 00:00:01,790.5
13.09 00:10:00,791.03
13.09 00:20:00,791.56
13.09 00:30:00,791.67
13.09 00:40:00,791.65
13.09 00:50:01,791.65
13.09 01:00:00,791.65
13.09 01:10:00,792.15
13.09 01:20:00,792.13
13.09 01:30:00,792.11
13.09 01:40:00,792.48
13.09 01:50:00,792.56
13.09 02:00:00,792.72
13.09 02:10:00,792.97
13.09 02:20:01,793.11
13.09 02:30:00,793.21
13.09 02:40:00,793.27
13.09 02:50:00,793.26
13.09 03:00:01,793.32
13.09 03:10:00,793.27
13.09 03:20:01,793.22
13.09 03:30:00,794.12
13.09 03:40:00,794.45
13.09 03:50:00,794.5
13.09 04:00:00,794.6
13.09 04:10:00,794.6
13.09 04:20:00,794.6
13.09 04:30:00,794.6
13.09 04:40:00,794.6
13.09 04:50:00,794.6
13.09 05:00:00,794.58
13.09 05:10:00,794.56
13.09 05:20:01,794.56
13.09 05:30:00,794.56
13.09 05:40:00,794.56
13.09 05:50:00,794.56
13.09 06:00:00,794.94
13.09 06:10:00,794.94
13.09 06:20:00,794.94
13.09 06:30:00,794.94
13.09 06:40:00,795.01
13.09 06:50:01,795.04
13.09 07:00:00,796.41
13.09 07:10:00,796.4
13.09 07:20:01,796.4
13.09 07:30:00,796.86
13.09 07:40:00,797.14
13.09 07:50:00,797.17
13.09 08:00:01,797.26
13.09 08:10:00,797.42
13.09 08:20:00,797.42
13.09 08:30:01,797.5
13.09 08:40:01,797.7
13.09 08:50:00,797.67
13.09 09:00:00,797.67
13.09 09:10:00,797.65
13.09 09:20:00,797.65
13.09 09:30:00,797.65
13.09 09:40:00,797.65
13.09 09:50:00,797.65
13.09 10:00:00,797.65
13.09 10:10:00,797.65
13.09 10:20:00,797.65
13.09 10:30:00,797.65
13.09 10:40:00,797.65
13.09 10:50:00,797.65
13.09 11:00:00,797.65
13.09 11:10:00,797.62
13.09 11:20:00,797.62
13.09 11:30:00,797.62
13.09 11:40:00,797.62
13.09 11:50:00,797.62
13.09 12:00:00,797.62
13.09 12:10:00,797.62
13.09 12:20:00,797.59
13.09 12:30:00,797.59
13.09 12:40:00,797.59
13.09 12:50:00,797.59
13.09 13:00:00,797.59
13.09 13:10:00,797.59
13.09 13:20:00,797.59
13.09 13:30:00,797.59
13.09 13:40:00,797.59
13.09 13:50:00,797.59
13.09 14:00:00,797.59
13.09 14:10:00,797.59
13.09 14:20:00,797.59
13.09 14:30:00,797.59
13.09 14:40:00,798.74
13.09 14:50:00,798.95
13.09 15:00:01,798.98
13.09 15:10:00,799.41
13.09 15:20:00,799.39
13.09 15:30:00,799.62
13.09 15:40:00,799.44
13.09 15:50:01,799.44
13.09 16:00:00,799.41
13.09 16:10:00,799.41
13.09 16:20:00,799.41
13.09 16:30:00,799.41
13.09 16:40:00,800.36
13.09 16:50:00,800.35
13.09 17:00:00,800.4
13.09 17:10:00,800.58
13.09 17:20:00,800.58
13.09 17:30:00,800.57
13.09 17:40:01,800.64
13.09 17:50:00,800.77
13.09 18:00:00,800.94
13.09 18:10:00,801.46
13.09 18:20:00,801.53
13.09 18:30:01,801.62
13.09 18:40:00,801.61
13.09 18:50:00,801.61
13.09 19:00:00,801.6
13.09 19:10:00,801.56
13.09 19:20:00,801.56
13.09 19:30:00,801.56
13.09 19:40:01,801.56
13.09 19:50:00,801.56
13.09 20:00:01,801.94
13.09 20:10:00,801.94
13.09 20:20:00,801.93
13.09 20:30:01,801.93
13.09 20:40:00,801.93
13.09 20:50:00,801.93
13.09 21:00:00,801.93
13.09 21:10:00,801.93
13.09 21:20:00,802.16
13.09 21:30:00,802.31
13.09 21:40:00,802.41
13.09 21:50:00,802.6
13.09 22:00:00,802.74
13.09 22:10:00,802.74
13.09 22:20:00,803.02
13.09 22:30:00,803.26
13.09 22:40:01,803.24
13.09 22:50:00,803.24
13.09 23:00:01,803.24
13.09 23:10:00,803.22
13.09 23:20:00,803.22
13.09 23:30:00,803.22
13.09 23:40:00,803.22
13.09 23:50:00,803.22
14.09 00:00:00,803.61
14.09 00:10:00,803.9
14.09 00:20:00,803.88
14.09 00:30:00,804
14.09 00:40:00,804.15
14.09 00:50:00,804.56
14.09 01:00:00,804.54
14.09 01:10:00,804.54
14.09 01:20:00,804.52
14.09 01:30:00,804.49
14.09 01:40:00,804.49
14.09 01:50:00,804.49
14.09 02:00:01,804.49
14.09 02:10:00,805.18
14.09 02:20:00,805.4
14.09 02:30:00,805.46
14.09 02:40:00,805.59
14.09 02:50:01,805.68
14.09 03:00:00,805.73
14.09 03:10:00,806.34
14.09 03:20:00,806.36
14.09 03:30:00,806.62
14.09 03:40:00,806.61
14.09 03:50:00,806.87
14.09 04:00:00,806.87
14.09 04:10:00,806.86
14.09 04:20:00,806.86
14.09 04:30:00,806.86
14.09 04:40:01,807.09
14.09 04:50:00,807.08
14.09 05:00:01,807.08
14.09 05:10:00,807.07
14.09 05:20:00,807.79
14.09 05:30:00,808.48
14.09 05:40:00,808.8
14.09 05:50:00,808.82
14.09 06:00:00,808.82
14.09 06:10:01,809.19
14.09 06:20:00,809.17
14.09 06:30:00,809.5
14.09 06:40:01,809.79
14.09 06:50:00,810.01
14.09 07:00:00,810.17
14.09 07:10:00,810.16
14.09 07:20:00,810.16
14.09 07:30:00,810.16
14.09 07:40:01,810.14
14.09 07:50:00,810.14
14.09 08:00:00,810.14
14.09 08:10:00,810.14
14.09 08:20:00,810.45
14.09 08:30:00,810.44
14.09 08:40:00,810.59
14.09 08:50:00,810.63
14.09 09:00:00,811
14.09 09:10:00,811.08
14.09 09:20:00,811.08
14.09 09:30:00,811.08
14.09 09:40:00,811.08
14.09 09:50:00,811.06
14.09 10:00:01,811.06
14.09 10:10:00,811.06
14.09 10:20:00,811.05
14.09 10:30:00,811.05
14.09 10:40:00,811.05
14.09 10:50:00,811.04
14.09 11:00:00,810.99
14.09 11:10:00,811.22
14.09 11:20:01,811.22
14.09 11:30:00,811.22
14.09 11:40:00,811.22
14.09 11:50:01,811.46
14.09 12:00:00,811.46
14.09 12:10:00,811.45
14.09 12:20:00,811.45
14.09 12:30:00,811.45
14.09 12:40:00,811.45
14.09 12:50:00,811.45
14.09 13:00:00,811.45
14.09 13:10:00,811.45
14.09 13:20:00,814.34
14.09 13:30:00,814.59
14.09 13:40:00,814.77
14.09 13:50:00,815.05
14.09 14:00:00,815.43
14.09 14:10:00,815.62
14.09 14:20:01,816.07
14.09 14:30:00,816.09
14.09 14:40:00,816.25
14.09 14:50:00,816.23
14.09 15:00:00,816.54
14.09 15:10:00,816.57
14.09 15:20:00,816.57
14.09 15:30:00,816.73
14.09 15:40:00,817.77
14.09 15:50:00,818.35
14.09 16:00:00,818.34
14.09 16:10:00,818.62
14.09 16:20:01,818.69
14.09 16:30:00,818.7
14.09 16:40:00,819.29
14.09 16:50:00,819.55
14.09 17:00:00,819.82
14.09 17:10:00,819.96
14.09 17:20:00,820.13
14.09 17:30:00,820.55
14.09 17:40:01,820.55
14.09 17:50:00,820.73
14.09 18:00:00,820.74
14.09 18:10:01,820.84
14.09 18:20:00,820.86
14.09 18:30:01,821.77
14.09 18:40:00,821.77
14.09 18:50:00,821.77
14.09 19:00:00,821.77
14.09 19:10:00,821.97
14.09 19:20:01,821.94
14.09 19:30:00,821.94
14.09 19:40:00,821.94
14.09 19:50:01,821.94
14.09 20:00:00,821.94
14.09 20:10:00,821.94
14.09 20:20:00,821.94
14.09 20:30:00,821.94
14.09 20:40:00,821.94
14.09 20:50:00,821.94
14.09 21:00:01,821.94
14.09 21:10:00,822.43
14.09 21:20:00,822.68
14.09 21:30:00,822.82
14.09 21:40:00,822.91
14.09 21:50:00,822.33
14.09 22:00:00,822.34
14.09 22:10:00,822.34
14.09 22:20:00,822.32
14.09 22:30:00,822.32
14.09 22:40:00,822.32
14.09 22:50:00,822.32
14.09 23:00:00,822.32
14.09 23:10:00,822.32
14.09 23:20:00,822.31
14.09 23:30:00,822.31
14.09 23:40:00,822.31
14.09 23:50:00,822.31
15.09 00:00:00,822.31
15.09 00:10:00,822.31
15.09 00:20:00,822.31
15.09 00:30:01,822.68
15.09 00:40:01,822.79
15.09 00:50:00,823.67
15.09 01:00:00,823.87
15.09 01:10:00,834.95
15.09 01:20:00,835.19
15.09 01:30:00,835.18
15.09 01:40:00,835.22
15.09 01:50:00,835.26
15.09 02:00:00,835.25
15.09 02:10:00,835.29
15.09 02:20:00,835.27
15.09 02:30:00,835.27
15.09 02:40:00,835.27
15.09 02:50:00,835.24
15.09 03:00:00,835.24
15.09 03:10:01,835.37
15.09 03:20:00,835.37
15.09 03:30:00,835.37
15.09 03:40:00,835.36
15.09 03:50:00,835.36
15.09 04:00:00,835.32
15.09 04:10:00,835.32
15.09 04:20:00,835.32
15.09 04:30:00,835.32
15.09 04:40:00,835.32
15.09 04:50:00,835.32
15.09 05:00:00,835.32
15.09 05:10:00,835.32
15.09 05:20:00,835.3
15.09 05:30:00,835.3
15.09 05:40:00,835.3
15.09 05:50:00,835.3
15.09 06:00:00,835.3
15.09 06:10:00,835.3
15.09 06:20:00,835.3
15.09 06:30:00,835.3
15.09 06:40:00,835.3
15.09 06:50:00,835.3
15.09 07:00:00,835.3
15.09 07:10:00,835.3
15.09 07:20:00,835.3
15.09 07:30:00,835.3
15.09 07:40:02,835.3
15.09 07:50:00,835.3
15.09 08:00:00,835.3
15.09 08:10:00,835.3
15.09 08:20:00,835.3
15.09 08:30:01,835.3
15.09 08:40:00,835.3
15.09 08:50:00,835.3
15.09 09:00:01,835.3
15.09 09:10:01,835.3
15.09 09:20:00,835.3
15.09 09:30:01,835.3
15.09 09:40:00,835.3
15.09 09:50:00,835.87
15.09 10:00:00,835.83
15.09 10:10:01,836.29
15.09 10:20:00,845.56
15.09 10:30:01,845.57
15.09 10:40:00,845.67
15.09 10:50:00,845.67
15.09 11:00:00,845.81
15.09 11:10:00,845.95
15.09 11:20:00,845.95
15.09 11:30:00,845.94
15.09 11:40:00,845.94
15.09 11:50:01,845.94
15.09 12:00:00,845.94
15.09 12:10:00,845.94
15.09 12:20:00,845.94
15.09 12:30:00,845.94
15.09 12:40:00,845.94
15.09 12:50:00,845.94
15.09 13:00:00,845.94
15.09 13:10:00,846.15
15.09 13:20:00,846.15
15.09 13:30:00,846.15
15.09 13:40:00,846.15
15.09 13:50:00,846.14
15.09 14:00:00,846.14
15.09 14:10:00,846.14
15.09 14:20:00,846.14
15.09 14:30:00,845.37
15.09 14:40:00,845.37
15.09 14:50:00,845.37
15.09 15:00:00,845.44
15.09 15:10:00,845.93
15.09 15:20:00,846.13
15.09 15:30:00,846.12
15.09 15:40:00,846.2
15.09 15:50:00,846.2
15.09 16:00:00,846.41
15.09 16:10:00,846.41
15.09 16:20:00,846.4
15.09 16:30:00,846.4
15.09 16:40:00,846.4
15.09 16:50:00,846.68
15.09 17:00:00,846.75
15.09 17:10:00,846.85
15.09 17:20:00,846.85
15.09 17:30:01,846.82
15.09 17:40:00,847.17
15.09 17:50:00,847.31
15.09 18:00:00,847.29
15.09 18:10:00,847.62
15.09 18:20:00,848.05
15.09 18:30:00,848.16
15.09 18:40:00,848.14
15.09 18:50:00,848.14
15.09 19:00:00,848.14
15.09 19:10:00,848.28
15.09 19:20:00,848.6
15.09 19:30:01,848.59
15.09 19:40:00,848.59
15.09 19:50:00,848.59
15.09 20:00:01,848.69
15.09 20:10:00,848.69
15.09 20:20:01,848.69
15.09 20:30:00,848.69
15.09 20:40:00,848.69
15.09 20:50:01,848.69
15.09 21:00:00,848.77
15.09 21:10:01,848.77
15.09 21:20:00,848.77
15.09 21:30:00,848.77
15.09 21:40:00,848.77
15.09 21:50:00,848.76
15.09 22:00:00,848.86
15.09 22:10:00,848.93
15.09 22:20:01,849.11
15.09 22:30:00,849.2
15.09 22:40:01,849.19
15.09 22:50:00,849.19
15.09 23:00:00,849.19
15.09 23:10:00,849.19
15.09 23:20:00,849.33
15.09 23:30:00,849.36
15.09 23:40:00,849.36
15.09 23:50:00,849.36
16.09 00:00:00,849.46
16.09 00:10:00,849.46
16.09 00:20:00,849.45
16.09 00:30:00,849.44
16.09 00:40:00,849.44
16.09 00:50:00,849.44
16.09 01:00:00,849.44
16.09 01:10:00,849.44
16.09 01:20:00,849.44
16.09 01:30:00,849.42
16.09 01:40:00,849.42
16.09 01:50:00,849.42
16.09 02:00:00,849.42
16.09 02:10:00,849.42
16.09 02:20:00,849.42
16.09 02:30:00,849.42
16.09 02:40:00,849.42
16.09 02:50:00,849.42
16.09 03:00:00,849.42
16.09 03:10:00,849.44
16.09 03:20:00,849.44
16.09 03:30:00,849.44
16.09 03:40:00,850.43
16.09 03:50:01,850.56
16.09 04:00:00,850.85
16.09 04:10:00,850.83
16.09 04:20:00,850.81
16.09 04:30:00,850.81
16.09 04:40:00,851.13
16.09 04:50:00,851.21
16.09 05:00:00,851.2
16.09 05:10:00,851.2
16.09 05:20:00,851.26
16.09 05:30:00,851.42
16.09 05:40:00,851.51
16.09 05:50:00,851.52
16.09 06:00:00,851.51
16.09 06:10:01,851.51
16.09 06:20:00,851.51
16.09 06:30:00,851.51
16.09 06:40:00,851.51
16.09 06:50:00,851.75
16.09 07:00:00,852
16.09 07:10:00,852.28
16.09 07:20:00,852.4
16.09 07:30:01,852.39
16.09 07:40:01,852.39
16.09 07:50:01,852.39
16.09 08:00:00,852.38
16.09 08:10:00,852.38
16.09 08:20:00,852.38
16.09 08:30:00,852.38
16.09 08:40:00,852.38
16.09 08:50:00,852.38
16.09 09:00:00,852.36
16.09 09:10:00,852.35
16.09 09:20:00,852.35
16.09 09:30:00,852.35
16.09 09:40:00,852.35
16.09 09:50:00,852.35
16.09 10:00:01,852.35
16.09 10:10:00,852.35
16.09 10:20:00,852.35
16.09 10:30:00,852.35
16.09 10:40:00,852.35
16.09 10:50:00,852.35
16.09 11:00:00,852.35
16.09 11:10:00,852.11
16.09 11:20:00,852.11
16.09 11:30:00,852.11
16.09 11:40:00,852.11
16.09 11:50:00,852.11
16.09 12:00:00,852.11
16.09 12:10:00,852.26
16.09 12:20:00,852.26
16.09 12:30:00,852.26
16.09 12:40:01,852.26
16.09 12:50:00,852.25
16.09 13:00:00,852.25
16.09 13:10:00,852.25
16.09 13:20:00,852.39
16.09 13:30:00,852.39
16.09 13:40:01,852.39
16.09 13:50:01,853.49
16.09 14:00:00,853.49
16.09 14:10:00,853.49
16.09 14:20:01,853.49
16.09 14:30:01,853.49
16.09 14:40:00,853.49
16.09 14:50:00,853.48
16.09 15:00:01,853.57
16.09 15:10:00,853.57
16.09 15:20:00,853.56
16.09 15:30:00,853.56
16.09 15:40:00,853.56
16.09 15:50:00,853.56
16.09 16:00:00,853.55
16.09 16:10:00,853.55
16.09 16:20:00,853.55
16.09 16:30:00,853.55
16.09 16:40:01,853.54
16.09 16:50:00,853.54
16.09 17:00:00,853.53
16.09 17:10:00,853.53
16.09 17:20:01,853.53
16.09 17:30:00,853.53
16.09 17:40:00,853.79
16.09 17:50:00,853.99
16.09 18:00:00,853.98
16.09 18:10:00,853.98
16.09 18:20:01,853.98
16.09 18:30:00,854.18
16.09 18:40:00,854.21
16.09 18:50:01,854.21
16.09 19:00:00,854.21
16.09 19:10:00,854.45
16.09 19:20:00,854.42
16.09 19:30:00,854.42
16.09 19:40:00,854.42
16.09 19:50:00,854.42
16.09 20:00:00,854.4
16.09 20:10:01,854.4
16.09 20:20:00,854.4
16.09 20:30:00,854.4
16.09 20:40:00,854.4
16.09 20:50:01,854.4
16.09 21:00:00,854.4
16.09 21:10:00,854.4
16.09 21:20:00,854.4
16.09 21:30:00,854.4
16.09 21:40:00,854.4
16.09 21:50:00,854.4
16.09 22:00:00,854.4
16.09 22:10:00,854.4
16.09 22:20:01,854.4
16.09 22:30:00,854.4
16.09 22:40:00,854.43
16.09 22:50:00,854.43
16.09 23:00:00,854.43
16.09 23:10:00,854.43
16.09 23:20:00,854.43
16.09 23:30:00,854.43
16.09 23:40:00,854.43
16.09 23:50:00,854.43
17.09 00:00:00,854.43
17.09 00:10:00,854.43
17.09 00:20:00,854.43
17.09 00:30:00,854.43
17.09 00:40:00,854.43
17.09 00:50:00,854.43
17.09 01:00:01,854.43
17.09 01:10:01,854.43
17.09 01:20:00,854.43
17.09 01:30:00,854.43
17.09 01:40:00,854.43
17.09 01:50:00,854.43
17.09 02:00:00,854.43
17.09 02:10:00,854.43
17.09 02:20:00,854.43
17.09 02:30:00,854.43
17.09 02:40:00,854.43
17.09 02:50:00,854.43
17.09 03:00:00,854.43
17.09 03:10:00,854.48
17.09 03:20:00,854.48
17.09 03:30:00,854.86
17.09 03:40:00,854.86
17.09 03:50:00,854.86
17.09 04:00:00,854.86
17.09 04:10:00,854.86
17.09 04:20:00,854.86
17.09 04:30:00,854.86
17.09 04:40:02,854.86
17.09 04:50:00,854.86
17.09 05:00:00,854.86
17.09 05:10:00,854.86
17.09 05:20:01,854.86
17.09 05:30:00,854.86
17.09 05:40:01,854.86
17.09 05:50:00,854.86
17.09 06:00:00,854.86
17.09 06:10:00,854.86
17.09 06:20:00,854.86
17.09 06:30:00,854.86
17.09 06:40:00,854.86
17.09 06:50:00,854.86
17.09 07:00:00,854.86
17.09 07:10:00,854.86
17.09 07:20:00,854.86
17.09 07:30:01,854.86
17.09 07:40:00,854.86
17.09 07:50:00,854.86
17.09 08:00:00,854.86
17.09 08:10:01,854.86
17.09 08:20:00,854.86
17.09 08:30:00,854.86
17.09 08:40:00,854.86
17.09 08:50:00,854.86
17.09 09:00:00,854.86
17.09 09:10:00,854.86
17.09 09:20:00,854.86
17.09 09:30:00,854.86
17.09 09:40:00,854.86
17.09 09:50:00,854.86
17.09 10:00:00,854.86
17.09 10:10:00,854.86
17.09 10:20:00,854.86
17.09 10:30:00,854.86
17.09 10:40:00,854.86
17.09 10:50:00,863.19
17.09 11:00:00,863.19
17.09 11:10:00,863.24
17.09 11:20:00,863.24
17.09 11:30:00,863.24
17.09 11:40:00,863.24
17.09 11:50:00,863.24
17.09 12:00:00,863.24
17.09 12:10:00,863.24
17.09 12:20:01,863.24
17.09 12:30:00,863.24
17.09 12:40:01,863.24
17.09 12:50:00,863.24
17.09 13:00:01,863.24
17.09 13:10:00,863.24
17.09 13:20:00,863.24
17.09 13:30:00,863.24
17.09 13:40:00,863.24
17.09 13:50:01,863.24
17.09 14:00:00,863.24
17.09 14:10:00,863.24
17.09 14:20:00,862.49
17.09 14:30:00,862.49
17.09 14:40:00,862.49
17.09 14:50:00,862.49
17.09 15:00:00,862.49
17.09 15:10:00,862.49
17.09 15:20:00,862.49
17.09 15:30:00,862.49
17.09 15:40:00,862.49
17.09 15:50:00,862.49
17.09 16:00:01,862.49
17.09 16:10:00,862.49
17.09 16:20:00,862.49
17.09 16:30:00,862.49
17.09 16:40:00,862.49
17.09 16:50:00,862.49
17.09 17:00:00,862.49
17.09 17:10:00,862.49
17.09 17:20:00,862.49
17.09 17:30:00,862.49
17.09 17:40:00,862.49
17.09 17:50:00,862.49
17.09 18:00:01,862.49
17.09 18:10:00,862.49
17.09 18:20:00,862.49
17.09 18:30:00,862.49
17.09 18:40:00,862.49
17.09 18:50:00,862.49
17.09 19:00:00,862.49
17.09 19:10:00,862.6
17.09 19:20:00,862.6
17.09 19:30:01,862.6
17.09 19:40:00,875.73
17.09 19:50:00,875.7
17.09 20:00:00,875.7
17.09 20:10:00,875.97
17.09 20:20:00,875.96
17.09 20:30:01,875.96
17.09 20:40:01,876.03
17.09 20:50:00,876.01
17.09 21:00:00,876.01
17.09 21:10:01,876.01
17.09 21:20:00,876.01
17.09 21:30:00,876.01
17.09 21:40:01,876.01
17.09 21:50:00,876.01
17.09 22:00:00,876.01
17.09 22:10:01,876.01
17.09 22:20:00,876.01
17.09 22:30:01,876.01
17.09 22:40:00,876.01
17.09 22:50:00,876.01
17.09 23:00:00,876.01
17.09 23:10:00,876.01
17.09 23:20:00,876.01
17.09 23:30:00,876.01
17.09 23:40:00,876.04
17.09 23:50:00,876.04
18.09 00:00:00,876.06
18.09 00:10:00,876.06
18.09 00:20:00,876.06
18.09 00:30:00,876.06
18.09 00:40:00,876.06
18.09 00:50:00,876.06
18.09 01:00:00,876.05
18.09 01:10:01,876.03
18.09 01:20:00,876.15
18.09 01:30:00,876.15
18.09 01:40:00,876.24
18.09 01:50:00,876.23
18.09 02:00:00,876.55
18.09 02:10:00,876.55
18.09 02:20:01,876.61
18.09 02:30:00,876.74
18.09 02:40:00,876.78
18.09 02:50:00,876.78
18.09 03:00:01,876.78
18.09 03:10:00,876.74
18.09 03:20:00,876.92
18.09 03:30:00,876.96
18.09 03:40:00,876.95
18.09 03:50:00,876.94
18.09 04:00:00,876.94
18.09 04:10:00,877.35
18.09 04:20:00,877.35
18.09 04:30:01,877.35
18.09 04:40:00,877.34
18.09 04:50:02,877.56
18.09 05:00:01,877.59
18.09 05:10:00,877.66
18.09 05:20:00,877.68
18.09 05:30:00,877.68
18.09 05:40:00,877.68
18.09 05:50:00,877.68
18.09 06:00:00,877.68
18.09 06:10:00,877.68
18.09 06:20:00,877.68
18.09 06:30:00,877.68
18.09 06:40:00,877.89
18.09 06:50:00,877.87
18.09 07:00:00,878.07
18.09 07:10:00,878.1
18.09 07:20:00,878.15
18.09 07:30:00,878.14
18.09 07:40:00,878.37
18.09 07:50:00,878.36
18.09 08:00:00,878.36
18.09 08:10:00,878.36
18.09 08:20:00,878.36
18.09 08:30:00,878.47
18.09 08:40:00,878.57
18.09 08:50:01,878.79
18.09 09:00:00,877.95
18.09 09:10:00,877.95
18.09 09:20:00,877.99
18.09 09:30:00,877.97
18.09 09:40:00,877.97
18.09 09:50:01,877.97
18.09 10:00:00,878.01
18.09 10:10:00,878.01
18.09 10:20:00,878.01
18.09 10:30:00,878.01
18.09 10:40:00,878
18.09 10:50:00,878
18.09 11:00:01,878
18.09 11:10:00,878.17
18.09 11:20:00,878.17
18.09 11:30:00,878.17
18.09 11:40:00,878.17
18.09 11:50:00,878.17
18.09 12:00:00,878.17
18.09 12:10:00,878.17
18.09 12:20:01,878.17
18.09 12:30:00,878.16
18.09 12:40:00,878.16
18.09 12:50:00,878.08
18.09 13:00:00,878.08
18.09 13:10:00,878.08
18.09 13:20:01,878.08
18.09 13:30:00,878.08
18.09 13:40:00,878.08
18.09 13:50:00,878.08
18.09 14:00:00,878.08
18.09 14:10:00,878.08
18.09 14:20:00,878.08
18.09 14:30:00,878.08
18.09 14:40:00,878.08
18.09 14:50:00,878.08
18.09 15:00:00,878.08
18.09 15:10:00,878.08
18.09 15:20:00,878.08
18.09 15:30:01,878.08
18.09 15:40:00,878.08
18.09 15:50:01,878.3
18.09 16:00:00,878.3
18.09 16:10:00,878.3
18.09 16:20:00,878.3
18.09 16:30:00,878.3
18.09 16:40:00,878.3
18.09 16:50:00,878.3
18.09 17:00:00,878.3
18.09 17:10:00,878.3
18.09 17:20:01,878.29
18.09 17:30:00,878.28
18.09 17:40:01,878.28
18.09 17:50:00,878.28
18.09 18:00:00,878.28
18.09 18:10:00,878.28
18.09 18:20:00,878.28
18.09 18:30:00,878.28
18.09 18:40:00,878.28
18.09 18:50:00,878.28
18.09 19:00:00,878.28
18.09 19:10:00,877.99
18.09 19:20:00,877.99
18.09 19:30:00,877.99
18.09 19:40:00,877.99
18.09 19:50:01,877.99
18.09 20:00:00,877.99
18.09 20:10:01,877.94
18.09 20:20:00,877.94
18.09 20:30:00,877.94
18.09 20:40:00,877.94
18.09 20:50:00,877.94
18.09 21:00:00,877.94
18.09 21:10:00,877.94
18.09 21:20:01,877.94
18.09 21:30:00,877.94
18.09 21:40:00,877.94
18.09 21:50:00,877.94
18.09 22:00:00,877.94
18.09 22:10:00,877.94
18.09 22:20:00,877.94
18.09 22:30:01,877.94
18.09 22:40:00,877.94
18.09 22:50:00,877.94
18.09 23:00:00,877.94
18.09 23:10:00,877.94
18.09 23:20:01,877.94
18.09 23:30:00,877.94
18.09 23:40:01,877.94
18.09 23:50:01,877.94
19.09 00:00:01,877.94
19.09 00:10:00,877.91
19.09 00:20:00,877.84
19.09 00:30:00,877.84
19.09 00:40:00,877.84
19.09 00:50:01,877.84
19.09 01:00:00,877.84
19.09 01:10:00,877.84
19.09 01:20:00,877.84
19.09 01:30:00,912.65
19.09 01:40:00,1002.65
19.09 01:50:00,1002.65
19.09 02:00:00,1002.65
19.09 02:10:00,1002.65
19.09 02:20:00,1002.65
19.09 02:30:00,1002.65
19.09 02:40:00,1002.65
19.09 02:50:00,1002.65
19.09 03:00:00,1002.65
19.09 03:10:00,1003.12
19.09 03:20:00,1003.12
19.09 03:30:00,1003.12
19.09 03:40:00,1003.12
19.09 03:50:00,1003.12
19.09 04:00:00,1003.12
19.09 04:10:00,1003.12
19.09 04:20:00,1003.12
19.09 04:30:00,1003.12
19.09 04:40:00,1003.12
19.09 04:50:00,1003.12
19.09 05:00:00,1003.12
19.09 05:10:00,1003.12
19.09 05:20:00,1003.12
19.09 05:30:00,1003.12
19.09 05:40:00,1003.12
19.09 05:50:01,1003.12
19.09 06:00:01,1003.12
19.09 06:10:00,1003.12
19.09 06:20:00,1003.12
19.09 06:30:00,1003.12
19.09 06:40:00,1003.12
19.09 06:50:00,1003.12
19.09 07:00:00,1003.12
19.09 07:10:00,1003.12
19.09 07:20:00,1003.12
19.09 07:30:00,1003.12
19.09 07:40:00,1003.12
19.09 07:50:00,1003.12
19.09 08:00:00,1003.12
19.09 08:10:00,1003.12
19.09 08:20:00,1003.12
19.09 08:30:00,1003.12
19.09 08:40:00,1003.12
19.09 08:50:00,1003.12
19.09 09:00:00,1003.12
19.09 09:10:01,1003.12
19.09 09:20:00,1003.12
19.09 09:30:00,1003.12
19.09 09:40:00,1003.12
19.09 09:50:00,1003.12
19.09 10:00:00,1003.12
19.09 10:10:00,1003.12
19.09 10:20:00,1003.12
19.09 10:30:00,1003.12
19.09 10:40:00,1003.12
19.09 10:50:00,1003.12
19.09 11:00:00,1003.12
19.09 11:10:01,1003.5
19.09 11:20:00,1003.5
19.09 11:30:00,1003.5
19.09 11:40:00,1003.5
19.09 11:50:00,1003.5
19.09 12:00:00,1003.5
19.09 12:10:00,1003.5
19.09 12:20:00,1003.5
19.09 12:30:00,1003.5
19.09 12:40:00,1003.5
19.09 12:50:00,1003.5
19.09 13:00:00,1003.5
19.09 13:10:00,1003.5
19.09 13:20:00,1003.5
19.09 13:30:00,1003.53
19.09 13:40:00,1003.59
19.09 13:50:00,1003.62
19.09 14:00:00,1003.63
19.09 14:10:00,1003.69
19.09 14:20:00,1003.68
19.09 14:30:00,1003.68
19.09 14:40:00,1003.68
19.09 14:50:00,1003.68
19.09 15:00:01,1003.68
19.09 15:10:00,1003.68
19.09 15:20:01,1003.68
19.09 15:30:00,1003.68
19.09 15:40:00,1003.68
19.09 15:50:00,1004
19.09 16:00:00,1004
19.09 16:10:01,1004.14
19.09 16:20:01,1004.16
19.09 16:30:00,1004.16
19.09 16:40:00,1004.26
19.09 16:50:00,1004.34
19.09 17:00:00,1004.41
19.09 17:10:00,1004.39
19.09 17:20:00,1004.17
19.09 17:30:00,1004.06
19.09 17:40:00,1004.09
19.09 17:50:00,1004.1
19.09 18:00:00,1004.1
19.09 18:10:01,1004.1
19.09 18:20:00,1004.1
19.09 18:30:00,1004.1
19.09 18:40:00,1004.1
19.09 18:50:00,1004.1
19.09 19:00:00,1004.1
19.09 19:10:00,1004.44
19.09 19:20:00,1004.46
19.09 19:30:00,1004.46
19.09 19:40:00,1004.45
19.09 19:50:00,1004.45
19.09 20:00:01,1004.45
19.09 20:10:00,1004.42
19.09 20:20:00,1004.42
19.09 20:30:00,1004.42
19.09 20:40:00,1004.42
19.09 20:50:00,1004.42
19.09 21:00:00,1004.42
19.09 21:10:01,1004.42
19.09 21:20:00,1004.42
19.09 21:30:00,1004.42
19.09 21:40:02,1004.42
19.09 21:50:00,1004.42
19.09 22:00:01,1004.42
19.09 22:10:00,1004.42
19.09 22:20:00,1004.42
19.09 22:30:00,1004.42
19.09 22:40:00,1004.42
19.09 22:50:01,1004.56
19.09 23:00:00,1004.56
19.09 23:10:00,1004.56
19.09 23:20:00,1004.56
19.09 23:30:00,1004.53
19.09 23:40:00,1004.53
19.09 23:50:01,1004.45
20.09 00:00:00,1004.45
20.09 00:10:00,1004.29
20.09 00:20:00,1004.61
20.09 00:30:00,1004.93
20.09 00:40:00,1004.97
20.09 00:50:00,1004.97
20.09 01:00:00,1004.97
20.09 01:10:00,1004.96
20.09 01:20:01,1004.96
20.09 01:30:00,1004.96
20.09 01:40:00,1004.96
20.09 01:50:01,1004.96
20.09 02:00:01,1005.07
20.09 02:10:00,1005.07
20.09 02:20:00,1005.06
20.09 02:30:00,1005.17
20.09 02:40:00,1005.17
20.09 02:50:00,1005.17
20.09 03:00:00,1005.16
20.09 03:10:00,1005.17
20.09 03:20:00,1005.35
20.09 03:30:00,1005.35
20.09 03:40:00,1005.35
20.09 03:50:00,1005.35
20.09 04:00:00,1005.35
20.09 04:10:00,1005.35
20.09 04:20:00,1005.45
20.09 04:30:00,1005.61
20.09 04:40:01,1005.61
20.09 04:50:00,1005.6
20.09 05:00:00,1005.6
20.09 05:10:00,1005.6
20.09 05:20:00,1005.6
20.09 05:30:00,1005.7
20.09 05:40:00,1005.8
20.09 05:50:00,1005.8
20.09 06:00:00,1005.8
20.09 06:10:00,1005.8
20.09 06:20:00,1005.79
20.09 06:30:00,1005.77
20.09 06:40:00,1005.77
20.09 06:50:00,1005.77
20.09 07:00:00,1006.04
20.09 07:10:00,1006.04
20.09 07:20:00,1006.04
20.09 07:30:00,1006.03
20.09 07:40:00,1006.03
20.09 07:50:00,1006.03
20.09 08:00:00,1006.03
20.09 08:10:00,1006.18
20.09 08:20:00,1006.18
20.09 08:30:00,1006.18
20.09 08:40:00,1006.17
20.09 08:50:00,1006.17
20.09 09:00:00,1006.17
20.09 09:10:01,1006.17
20.09 09:20:00,1006.17
20.09 09:30:00,1006.17
20.09 09:40:00,1006.17
20.09 09:50:00,1006.17
20.09 10:00:00,1006.17
20.09 10:40:00,1006.43
20.09 10:50:00,1006.54
20.09 11:00:00,1006.54
20.09 11:10:00,1006.62
20.09 11:20:00,1006.62
20.09 11:30:00,1006.62
20.09 11:40:00,1006.5
20.09 11:50:00,1006.5
20.09 12:00:00,1006.5
20.09 12:10:00,1006.48
20.09 12:20:01,1006.48
20.09 12:30:00,1006.48
20.09 12:40:00,1006.48
20.09 12:50:00,1006.48
20.09 13:00:00,1006.47
20.09 13:10:00,1006.47
20.09 13:20:00,1006.47
20.09 13:30:01,1006.47
20.09 13:40:00,1006.47
20.09 13:50:00,1006.47
20.09 14:00:00,1006.47
20.09 14:10:00,1006.47
20.09 14:20:00,1006.47
20.09 14:30:00,1006.47
20.09 14:40:00,1006.47
20.09 14:50:00,1006.47
20.09 15:00:00,1006.47
20.09 15:10:00,1006.47
20.09 15:20:01,1006.47
20.09 15:30:00,1006.47
20.09 15:40:00,1006.47
20.09 15:50:01,1006.47
20.09 16:00:00,1006.47
20.09 16:10:00,1006.47
20.09 16:20:00,1006.47
20.09 16:30:00,1006.47
20.09 16:40:00,1006.47
20.09 16:50:00,1006.47
20.09 17:00:00,1006.47
20.09 17:10:01,1006.47
20.09 17:20:01,1006.47
20.09 17:30:00,1006.47
20.09 17:40:00,1006.47
20.09 17:50:00,1006.47
20.09 18:00:00,1006.47
20.09 18:10:00,1006.47
20.09 18:20:00,1006.47
20.09 18:30:00,1006.47
20.09 18:40:00,1006.47
20.09 18:50:00,1006.47
20.09 19:00:00,1006.61
20.09 19:10:00,1007.08
20.09 19:20:01,1007.08
20.09 19:30:00,1007.08
20.09 19:40:00,1007.08
20.09 19:50:00,1007.08
20.09 20:00:00,1007.08
20.09 20:10:00,1007.08
20.09 20:20:00,1007.07
20.09 20:30:00,1007.07
20.09 20:40:00,1007.07
20.09 20:50:00,1007.07
20.09 21:00:00,1007.06
20.09 21:10:00,1007.17
20.09 21:20:00,1007.16
20.09 21:30:00,1007.3
20.09 21:40:00,1007.35
20.09 21:50:00,1007.35
20.09 22:00:00,1007.35
20.09 22:10:00,1007.35
20.09 22:20:00,1007.35
20.09 22:30:00,1007.35
20.09 22:40:01,1007.35
20.09 22:50:00,1007.35
20.09 23:00:00,1007.35
20.09 23:10:00,1007.35
20.09 23:20:00,1007.45
20.09 23:30:00,1007.45
20.09 23:40:00,1007.43
20.09 23:50:00,1007.43
21.09 00:00:00,1007.43
21.09 00:10:01,1007.43
21.09 00:20:00,1007.43
21.09 00:30:01,1007.43
21.09 00:40:00,1007.43
21.09 00:50:00,1007.43
21.09 01:00:00,1007.41
21.09 01:10:00,1007.41
21.09 01:20:00,1007.41
21.09 01:30:00,1007.4
21.09 01:40:00,1007.66
21.09 01:50:00,1007.65
21.09 02:00:01,1007.64
21.09 02:10:00,1007.64
21.09 02:20:00,1007.76
21.09 02:30:00,1007.76
21.09 02:40:00,1007.76
21.09 02:50:00,1007.76
21.09 03:00:00,1007.75
21.09 03:10:00,1008.05
21.09 03:20:00,1008.51
21.09 03:30:00,1008.51
21.09 03:40:00,1008.51
21.09 03:50:00,1008.51
21.09 04:00:00,1008.51
21.09 04:10:00,1008.51
21.09 04:20:00,1008.51
21.09 04:30:01,1008.51
21.09 04:40:00,1008.51
21.09 04:50:00,1008.51
21.09 05:00:00,1008.51
21.09 05:10:00,1008.49
21.09 05:20:00,1008.49
21.09 05:30:00,1008.49
21.09 05:40:00,1008.49
21.09 05:50:00,1008.49
21.09 06:00:00,1008.49
21.09 06:10:01,1008.49
21.09 06:20:00,1008.49
21.09 06:30:00,1008.49
21.09 06:40:00,1008.49
21.09 06:50:00,1008.49
21.09 07:00:00,1008.49
21.09 07:10:00,1008.49
21.09 07:20:00,1008.51
21.09 07:30:00,1004.12
21.09 07:40:00,1004.12
21.09 07:50:00,1004.12
21.09 08:00:01,1004.15
21.09 08:10:00,1004.15
21.09 08:20:00,1004.15
21.09 08:30:00,1004.15
21.09 08:40:00,1004.15
21.09 08:50:00,1004.15
21.09 09:00:00,1004.14
21.09 09:10:00,1004.14
21.09 09:20:00,1004.12
21.09 09:30:00,1004.1
21.09 09:40:00,1004.1
21.09 09:50:00,1004.1
21.09 10:00:00,1004.1
21.09 10:10:00,1004.1
21.09 10:20:00,1004.1
21.09 10:30:00,1004.1
21.09 10:40:00,1004.1
21.09 10:50:00,1004.1
21.09 11:00:00,1004.1
21.09 11:10:00,1004.28
21.09 11:20:00,1004.28
21.09 11:30:00,1004.28
21.09 11:40:01,1004.26
21.09 11:50:00,1004.29
21.09 12:00:00,1004.29
21.09 12:10:00,1004.29
21.09 12:20:00,1004.29
21.09 12:30:00,1004.29
21.09 12:40:00,1004.29
21.09 12:50:00,1004.35
21.09 13:00:00,1004.35
21.09 13:10:01,1004.35
21.09 13:20:00,1004.35
21.09 13:30:00,1004.35
21.09 13:40:01,1004.35
21.09 13:50:00,1004.35
21.09 14:00:00,1004.37
21.09 14:10:00,1004.37
21.09 14:20:01,1004.37
21.09 14:30:00,1004.36
21.09 14:40:00,1004.39
21.09 14:50:00,1004.41
21.09 15:00:00,1004.45
21.09 15:10:00,1004.75
21.09 15:20:00,1004.75
21.09 15:30:00,1004.75
21.09 15:40:00,1004.91
21.09 15:50:00,1004.97
21.09 16:00:00,1160
21.09 16:10:00,1159.99
21.09 16:20:00,1159.99
21.09 16:30:00,1159.99
21.09 16:40:00,1159.99
21.09 16:50:00,1159.99
21.09 17:00:00,1159.99
21.09 17:10:00,1160.03
21.09 17:20:00,1160.03
21.09 17:30:00,1160.05
21.09 17:40:01,1160.05
21.09 17:50:00,1160.05
21.09 18:00:00,1160.05
21.09 18:10:00,1160.04
21.09 18:20:00,1160.03
21.09 18:30:01,1160.03
21.09 18:40:00,1160.03
21.09 18:50:00,1160.03
21.09 19:00:00,1160.03
21.09 19:10:00,1160.29
21.09 19:20:00,1160.28
21.09 19:30:00,1160.28
21.09 19:40:00,1160.28
21.09 19:50:00,1160.28
21.09 20:00:00,1160.28
21.09 20:10:00,1160.28
21.09 20:20:01,1160.28
21.09 20:30:00,1160.28
21.09 20:40:00,1160.51
21.09 20:50:00,1160.52
21.09 21:00:00,1160.57
21.09 21:10:00,1160.32
21.09 21:20:00,1160.5
21.09 21:30:00,1161.03
21.09 21:40:00,1161.57
21.09 21:50:01,1161.94
21.09 22:00:00,1162.06
21.09 22:10:00,1162.08
21.09 22:20:00,1162.08
21.09 22:30:01,1162.05
21.09 22:40:00,1162.04
21.09 22:50:00,1162.03
21.09 23:00:00,1162.02
21.09 23:10:00,1162.01
21.09 23:20:01,1162.01
21.09 23:30:00,1162.01
21.09 23:40:00,1162.01
21.09 23:50:00,1162.01
22.09 00:00:00,1162.01
22.09 00:10:00,1162.01
22.09 00:20:00,1162
22.09 00:30:00,1162
22.09 00:40:00,1162
22.09 00:50:00,1162
22.09 01:00:01,1162
22.09 01:10:00,1162
22.09 01:20:00,1162
22.09 01:30:00,1162
22.09 01:40:00,1162
22.09 01:50:00,1162
22.09 02:00:00,1162
22.09 02:10:01,1162
22.09 02:20:00,1162
22.09 02:30:00,1162
22.09 02:40:00,1162
22.09 02:50:00,1162
22.09 03:00:00,1162
22.09 03:10:00,1163
22.09 03:20:00,1163
22.09 03:30:00,1163
22.09 03:40:00,1163
22.09 03:50:00,1163
22.09 04:00:00,1163
22.09 04:10:00,1163
22.09 04:20:00,1163
22.09 04:30:00,1163
22.09 04:40:00,1163
22.09 04:50:00,1163
22.09 05:00:01,1163.27
22.09 05:10:00,1163.35
22.09 05:20:00,1163.35
22.09 05:30:00,1163.45
22.09 05:40:00,1163.47
22.09 05:50:00,1163.47
22.09 06:00:00,1163.6
22.09 06:10:01,1163.6
22.09 06:20:00,1163.6
22.09 06:30:00,1163.6
22.09 06:40:00,1163.6
22.09 06:50:00,1163.6
22.09 07:00:00,1163.6
22.09 07:10:00,1163.67
22.09 07:20:00,1163.77
22.09 07:30:00,1163.76
22.09 07:40:00,1163.76
22.09 07:50:01,1163.76
22.09 08:00:00,1163.76
22.09 08:10:00,1163.76
22.09 08:20:00,1163.76
22.09 08:30:00,1163.76
22.09 08:40:00,1163.76
22.09 08:50:01,1163.79
22.09 09:00:00,1165.97
22.09 09:10:00,1166
22.09 09:20:00,1166
22.09 09:30:01,1166.03
22.09 09:40:00,1166.02
22.09 09:50:00,1166.02
22.09 10:00:00,1166.02
22.09 10:10:00,1166.02
22.09 10:20:00,1166.02
22.09 10:30:00,1166.08
22.09 10:40:01,1166.08
22.09 10:50:00,1166.08
22.09 11:00:00,1166.11
22.09 11:10:00,1166.33
22.09 11:20:00,1166.33
22.09 11:30:00,1166.38
22.09 11:40:00,1166.39
22.09 11:50:00,1166.39
22.09 12:00:00,1166.39
22.09 12:10:00,1166.49
22.09 12:20:00,1166.49
22.09 12:30:00,1166.49
22.09 12:40:00,1166.49
22.09 12:50:00,1166.48
22.09 13:00:00,1166.48
22.09 13:10:00,1166.51
22.09 13:20:00,1166.51
22.09 13:30:00,1166.59
22.09 13:40:00,1166.59
22.09 13:50:00,1166.59
22.09 14:00:00,1166.58
22.09 14:10:00,1166.57
22.09 14:20:01,1166.56
22.09 14:30:00,1166.56
22.09 14:40:00,1166.56
22.09 14:50:00,1166.68
22.09 15:00:01,1166.85
22.09 15:10:00,1166.85
22.09 15:20:00,1166.92
22.09 15:30:00,1166.92
22.09 15:40:00,1166.92
22.09 15:50:00,1166.92
22.09 16:00:00,1167
22.09 16:10:00,1167
22.09 16:20:00,1166.99
22.09 16:30:01,1166.97
22.09 16:40:00,1166.96
22.09 16:50:00,1166.96
22.09 17:00:00,1166.96
22.09 17:10:00,1166.99
22.09 17:20:00,1167.01
22.09 17:30:00,1167.01
22.09 17:40:00,1167.01
22.09 17:50:00,1167.01
22.09 18:00:00,1167
22.09 18:10:00,1167
22.09 18:20:00,1167
22.09 18:30:00,1167
22.09 18:40:00,1167
22.09 18:50:01,1167
22.09 19:00:00,1167
22.09 19:10:00,1166.85
22.09 19:20:00,1166.85
22.09 19:30:00,1166.85
22.09 19:40:00,1166.89
22.09 19:50:00,1166.9
22.09 20:00:00,1167.04
22.09 20:10:00,1167.04
22.09 20:20:01,1167.04
22.09 20:30:00,1167.14
22.09 20:40:00,1167.14
22.09 20:50:00,1167.14
22.09 21:00:00,1167.14
22.09 21:10:00,1167.14
22.09 21:20:00,1167.13
22.09 21:30:01,1167.13
22.09 21:40:00,1167.34
22.09 21:50:01,1167.33
22.09 22:00:00,1167.41
22.09 22:10:00,1167.41
22.09 22:20:00,1976.41
22.09 22:30:00,1976.41
22.09 22:40:00,1976.46
22.09 22:50:00,1976.8
22.09 23:00:00,1976.76
22.09 23:10:00,1976.79
22.09 23:20:00,1976.87
22.09 23:30:00,1976.94
22.09 23:40:00,1976.94
22.09 23:50:00,1976.94
23.09 00:00:01,1976.93
23.09 00:10:00,1976.93
23.09 00:20:00,1976.92
23.09 00:30:01,1976.92
23.09 00:40:00,1976.92
23.09 00:50:01,1976.9
23.09 01:00:00,1976.88
23.09 01:10:00,1976.88
23.09 01:20:01,1977.21
23.09 01:30:00,1977.44
23.09 01:40:01,1977.68
23.09 01:50:00,1977.67
23.09 02:00:01,1977.67
23.09 02:10:00,1978.32
23.09 02:20:00,1978.26
23.09 02:30:00,1978.26
23.09 02:40:00,1978.26
23.09 02:50:01,1978.26
23.09 03:00:01,1978.26
23.09 03:10:00,1978.76
23.09 03:20:00,1978.86
23.09 03:30:00,1979.14
23.09 03:40:00,1979.13
23.09 03:50:00,1979.1
23.09 04:00:01,1979.07
23.09 04:10:00,1979.07
23.09 04:20:00,1979.07
23.09 04:30:00,1979.07
23.09 04:40:00,1979.06
23.09 04:50:00,1979.22
23.09 05:00:00,1979.75
23.09 05:10:01,1979.77
23.09 05:20:00,1979.77
23.09 05:30:00,1979.76
23.09 05:40:00,1979.75
23.09 05:50:00,1979.82
23.09 06:00:00,1979.82
23.09 06:10:00,1980.31
23.09 06:20:00,1981.07
23.09 06:30:00,1981.19
23.09 06:40:00,1981.28
23.09 06:50:00,1981.3
23.09 07:00:00,1981.29
23.09 07:10:00,1981.27
23.09 07:20:00,1981.44
23.09 07:30:00,1981.44
23.09 07:40:00,1981.78
23.09 07:50:00,1981.99
23.09 08:00:00,1981.97
23.09 08:10:00,1982.02
23.09 08:20:00,1982.02
23.09 08:30:00,1982.1
23.09 08:40:00,1982.1
23.09 08:50:00,1982.09
23.09 09:00:00,1982.16
23.09 09:10:00,1982.26
23.09 09:20:01,1982.25
23.09 09:30:00,1982.25
23.09 09:40:00,1982.24
23.09 09:50:00,1982.24
23.09 10:00:00,1982.24
23.09 10:10:00,1982.17
23.09 10:20:00,1982.17
23.09 10:30:00,1982.15
23.09 10:40:00,1982.14
23.09 10:50:01,1982.12
23.09 11:00:00,1982.12
23.09 11:10:01,1981.87
23.09 11:20:00,1981.87
23.09 11:30:00,1981.83
23.09 11:40:00,1981.83
23.09 11:50:01,1981.79
23.09 12:00:00,1981.79
23.09 12:10:00,1981.79
23.09 12:20:00,1981.78
23.09 12:30:00,1981.78
23.09 12:40:01,1981.78
23.09 12:50:00,1981.78
23.09 13:00:00,1981.78
23.09 13:10:00,1981.78
23.09 13:20:01,1981.78
23.09 13:30:00,1981.78
23.09 13:40:00,1981.78
23.09 13:50:00,1981.78
23.09 14:00:00,1981.74
23.09 14:10:01,1981.72
23.09 14:20:00,1981.72
23.09 14:30:00,1981.72
23.09 14:40:00,1981.72
23.09 14:50:00,1981.72
23.09 15:00:01,1981.72
23.09 15:10:00,1981.72
23.09 15:20:01,1981.72
23.09 15:30:00,1981.72
23.09 15:40:00,1981.72
23.09 15:50:00,1981.72
23.09 16:00:00,1981.72
23.09 16:10:00,1982
23.09 16:20:00,1982
23.09 16:30:00,1981.99
23.09 16:40:00,1981.98
23.09 16:50:01,1981.98
23.09 17:00:00,1981.98
23.09 17:10:00,1981.92
23.09 17:20:00,1981.92
23.09 17:30:00,1981.92
23.09 17:40:00,1981.92
23.09 17:50:02,1981.92
23.09 18:00:00,1981.92
23.09 18:10:00,1981.92
23.09 18:20:00,1981.92
23.09 18:30:00,1982.18
23.09 18:40:00,1982.18
23.09 18:50:00,1982.17
23.09 19:00:00,1982.17
23.09 19:10:00,1982.05
23.09 19:20:00,1982.05
23.09 19:30:00,1982.03
23.09 19:40:00,1982.03
23.09 19:50:01,1982.03
23.09 20:00:00,1982.03
23.09 20:10:00,1982.03
23.09 20:20:00,1982.29
23.09 20:30:00,1982.28
23.09 20:40:00,1982.28
23.09 20:50:00,1982.28
23.09 21:00:00,1982.28
23.09 21:10:01,1982.39
23.09 21:20:00,1982.39
23.09 21:30:00,1982.39
23.09 21:40:00,1982.84
23.09 21:50:00,1982.84
23.09 22:00:00,1982.84
23.09 22:10:00,1982.84
23.09 22:20:00,1982.84
23.09 22:30:00,1982.84
23.09 22:40:00,1982.84
23.09 22:50:00,1982.95
23.09 23:00:00,1982.95
23.09 23:10:00,1983.45
23.09 23:20:01,1983.82
23.09 23:30:00,1983.88
23.09 23:40:00,1984.07
23.09 23:50:01,1984.07
24.09 00:00:00,1984.42
24.09 00:10:00,1984.45
24.09 00:20:00,1984.5
24.09 00:30:01,1984.57
24.09 00:40:00,1984.8
24.09 00:50:01,1984.9
24.09 01:00:01,1985.96
24.09 01:10:00,1986.13
24.09 01:20:00,1986.3
24.09 01:30:00,1987.08
24.09 01:40:00,1987.14
24.09 01:50:00,1987.12
24.09 02:00:00,1987.11
24.09 02:10:00,1987.24
24.09 02:20:00,1987.26
24.09 02:30:01,1987.25
24.09 02:40:00,1987.36
24.09 02:50:01,1987.36
24.09 03:00:00,1987.31
24.09 03:10:01,1987.9
24.09 03:20:00,1987.86
24.09 03:30:00,1987.86
24.09 03:40:00,1988.02
24.09 03:50:00,1988.12
24.09 04:00:00,1988.12
24.09 04:10:00,1988.2
24.09 04:20:00,1988.53
24.09 04:30:00,1988.52
24.09 04:40:00,1988.59
24.09 04:50:00,1988.66
24.09 05:00:00,1988.76
24.09 05:10:00,1988.85
24.09 05:20:00,1988.9
24.09 05:30:00,1989.19
24.09 05:40:00,1989.83
24.09 05:50:00,1989.95
24.09 06:00:00,1989.92
24.09 06:10:00,1989.91
24.09 06:20:00,1989.9
24.09 06:30:00,1989.9
24.09 06:40:00,1989.89
24.09 06:50:01,1989.89
24.09 07:00:00,1989.89
24.09 07:10:00,1989.98
24.09 07:20:00,1990.02
24.09 07:30:00,1990.02
24.09 07:40:00,1990.11
24.09 07:50:01,1990.11
24.09 08:00:00,1990.23
24.09 08:10:00,1990.23
24.09 08:20:00,1990.25
24.09 08:30:01,1990.24
24.09 08:40:01,1990.24
24.09 08:50:00,1990.35
24.09 09:00:01,1990.39
24.09 09:10:00,1990.72
24.09 09:20:00,1990.72
24.09 09:30:00,1990.71
24.09 09:40:01,1990.8
24.09 09:50:00,1990.87
24.09 10:00:00,1990.87
24.09 10:10:00,1990.84
24.09 10:20:00,1990.99
24.09 10:30:00,1990.99
24.09 10:40:00,1991.12
24.09 10:50:00,1991.31
24.09 11:00:00,1991.3
24.09 11:10:00,1991.01
24.09 11:20:00,1991.01
24.09 11:30:00,1991.12
24.09 11:40:00,1991.39
24.09 11:50:01,1991.43
